--
-- PostgreSQL database dump
--

-- Dumped from database version 14.12 (Homebrew)
-- Dumped by pg_dump version 14.12 (Homebrew)

SET statement_timeout = 0;
SET lock_timeout = 0;
SET idle_in_transaction_session_timeout = 0;
SET client_encoding = 'UTF8';
SET standard_conforming_strings = on;
SELECT pg_catalog.set_config('search_path', '', false);
SET check_function_bodies = false;
SET xmloption = content;
SET client_min_messages = warning;
SET row_security = off;

SET default_tablespace = '';

SET default_table_access_method = heap;

--
-- Name: auth_group; Type: TABLE; Schema: public; Owner: chambeoadmin
--

CREATE TABLE public.auth_group (
    id integer NOT NULL,
    name character varying(150) NOT NULL
);


ALTER TABLE public.auth_group OWNER TO chambeoadmin;

--
-- Name: auth_group_id_seq; Type: SEQUENCE; Schema: public; Owner: chambeoadmin
--

ALTER TABLE public.auth_group ALTER COLUMN id ADD GENERATED BY DEFAULT AS IDENTITY (
    SEQUENCE NAME public.auth_group_id_seq
    START WITH 1
    INCREMENT BY 1
    NO MINVALUE
    NO MAXVALUE
    CACHE 1
);


--
-- Name: auth_group_permissions; Type: TABLE; Schema: public; Owner: chambeoadmin
--

CREATE TABLE public.auth_group_permissions (
    id bigint NOT NULL,
    group_id integer NOT NULL,
    permission_id integer NOT NULL
);


ALTER TABLE public.auth_group_permissions OWNER TO chambeoadmin;

--
-- Name: auth_group_permissions_id_seq; Type: SEQUENCE; Schema: public; Owner: chambeoadmin
--

ALTER TABLE public.auth_group_permissions ALTER COLUMN id ADD GENERATED BY DEFAULT AS IDENTITY (
    SEQUENCE NAME public.auth_group_permissions_id_seq
    START WITH 1
    INCREMENT BY 1
    NO MINVALUE
    NO MAXVALUE
    CACHE 1
);


--
-- Name: auth_permission; Type: TABLE; Schema: public; Owner: chambeoadmin
--

CREATE TABLE public.auth_permission (
    id integer NOT NULL,
    name character varying(255) NOT NULL,
    content_type_id integer NOT NULL,
    codename character varying(100) NOT NULL
);


ALTER TABLE public.auth_permission OWNER TO chambeoadmin;

--
-- Name: auth_permission_id_seq; Type: SEQUENCE; Schema: public; Owner: chambeoadmin
--

ALTER TABLE public.auth_permission ALTER COLUMN id ADD GENERATED BY DEFAULT AS IDENTITY (
    SEQUENCE NAME public.auth_permission_id_seq
    START WITH 1
    INCREMENT BY 1
    NO MINVALUE
    NO MAXVALUE
    CACHE 1
);


--
-- Name: django_admin_log; Type: TABLE; Schema: public; Owner: chambeoadmin
--

CREATE TABLE public.django_admin_log (
    id integer NOT NULL,
    action_time timestamp with time zone NOT NULL,
    object_id text,
    object_repr character varying(200) NOT NULL,
    action_flag smallint NOT NULL,
    change_message text NOT NULL,
    content_type_id integer,
    user_id bigint NOT NULL,
    CONSTRAINT django_admin_log_action_flag_check CHECK ((action_flag >= 0))
);


ALTER TABLE public.django_admin_log OWNER TO chambeoadmin;

--
-- Name: django_admin_log_id_seq; Type: SEQUENCE; Schema: public; Owner: chambeoadmin
--

ALTER TABLE public.django_admin_log ALTER COLUMN id ADD GENERATED BY DEFAULT AS IDENTITY (
    SEQUENCE NAME public.django_admin_log_id_seq
    START WITH 1
    INCREMENT BY 1
    NO MINVALUE
    NO MAXVALUE
    CACHE 1
);


--
-- Name: django_content_type; Type: TABLE; Schema: public; Owner: chambeoadmin
--

CREATE TABLE public.django_content_type (
    id integer NOT NULL,
    app_label character varying(100) NOT NULL,
    model character varying(100) NOT NULL
);


ALTER TABLE public.django_content_type OWNER TO chambeoadmin;

--
-- Name: django_content_type_id_seq; Type: SEQUENCE; Schema: public; Owner: chambeoadmin
--

ALTER TABLE public.django_content_type ALTER COLUMN id ADD GENERATED BY DEFAULT AS IDENTITY (
    SEQUENCE NAME public.django_content_type_id_seq
    START WITH 1
    INCREMENT BY 1
    NO MINVALUE
    NO MAXVALUE
    CACHE 1
);


--
-- Name: django_migrations; Type: TABLE; Schema: public; Owner: chambeoadmin
--

CREATE TABLE public.django_migrations (
    id bigint NOT NULL,
    app character varying(255) NOT NULL,
    name character varying(255) NOT NULL,
    applied timestamp with time zone NOT NULL
);


ALTER TABLE public.django_migrations OWNER TO chambeoadmin;

--
-- Name: django_migrations_id_seq; Type: SEQUENCE; Schema: public; Owner: chambeoadmin
--

ALTER TABLE public.django_migrations ALTER COLUMN id ADD GENERATED BY DEFAULT AS IDENTITY (
    SEQUENCE NAME public.django_migrations_id_seq
    START WITH 1
    INCREMENT BY 1
    NO MINVALUE
    NO MAXVALUE
    CACHE 1
);


--
-- Name: django_session; Type: TABLE; Schema: public; Owner: chambeoadmin
--

CREATE TABLE public.django_session (
    session_key character varying(40) NOT NULL,
    session_data text NOT NULL,
    expire_date timestamp with time zone NOT NULL
);


ALTER TABLE public.django_session OWNER TO chambeoadmin;

--
-- Name: myapp_myuser; Type: TABLE; Schema: public; Owner: chambeoadmin
--

CREATE TABLE public.myapp_myuser (
    id bigint NOT NULL,
    password character varying(128) NOT NULL,
    last_login timestamp with time zone,
    is_superuser boolean NOT NULL,
    email character varying(254) NOT NULL,
    username character varying(30) NOT NULL,
    first_name character varying(30) NOT NULL,
    last_name character varying(30) NOT NULL,
    is_active boolean NOT NULL,
    is_pro boolean DEFAULT false,
    pro_account_created_at timestamp with time zone
);


ALTER TABLE public.myapp_myuser OWNER TO chambeoadmin;

--
-- Name: myapp_myuser_groups; Type: TABLE; Schema: public; Owner: chambeoadmin
--

CREATE TABLE public.myapp_myuser_groups (
    id bigint NOT NULL,
    myuser_id bigint NOT NULL,
    group_id integer NOT NULL
);


ALTER TABLE public.myapp_myuser_groups OWNER TO chambeoadmin;

--
-- Name: myapp_myuser_groups_id_seq; Type: SEQUENCE; Schema: public; Owner: chambeoadmin
--

ALTER TABLE public.myapp_myuser_groups ALTER COLUMN id ADD GENERATED BY DEFAULT AS IDENTITY (
    SEQUENCE NAME public.myapp_myuser_groups_id_seq
    START WITH 1
    INCREMENT BY 1
    NO MINVALUE
    NO MAXVALUE
    CACHE 1
);


--
-- Name: myapp_myuser_id_seq; Type: SEQUENCE; Schema: public; Owner: chambeoadmin
--

ALTER TABLE public.myapp_myuser ALTER COLUMN id ADD GENERATED BY DEFAULT AS IDENTITY (
    SEQUENCE NAME public.myapp_myuser_id_seq
    START WITH 1
    INCREMENT BY 1
    NO MINVALUE
    NO MAXVALUE
    CACHE 1
);


--
-- Name: myapp_myuser_user_permissions; Type: TABLE; Schema: public; Owner: chambeoadmin
--

CREATE TABLE public.myapp_myuser_user_permissions (
    id bigint NOT NULL,
    myuser_id bigint NOT NULL,
    permission_id integer NOT NULL
);


ALTER TABLE public.myapp_myuser_user_permissions OWNER TO chambeoadmin;

--
-- Name: myapp_myuser_user_permissions_id_seq; Type: SEQUENCE; Schema: public; Owner: chambeoadmin
--

ALTER TABLE public.myapp_myuser_user_permissions ALTER COLUMN id ADD GENERATED BY DEFAULT AS IDENTITY (
    SEQUENCE NAME public.myapp_myuser_user_permissions_id_seq
    START WITH 1
    INCREMENT BY 1
    NO MINVALUE
    NO MAXVALUE
    CACHE 1
);


--
-- Name: myapp_passwordresetcode; Type: TABLE; Schema: public; Owner: chambeoadmin
--

CREATE TABLE public.myapp_passwordresetcode (
    id bigint NOT NULL,
    code character varying(6) NOT NULL,
    created_at timestamp with time zone NOT NULL,
    user_id bigint NOT NULL
);


ALTER TABLE public.myapp_passwordresetcode OWNER TO chambeoadmin;

--
-- Name: myapp_passwordresetcode_id_seq; Type: SEQUENCE; Schema: public; Owner: chambeoadmin
--

ALTER TABLE public.myapp_passwordresetcode ALTER COLUMN id ADD GENERATED BY DEFAULT AS IDENTITY (
    SEQUENCE NAME public.myapp_passwordresetcode_id_seq
    START WITH 1
    INCREMENT BY 1
    NO MINVALUE
    NO MAXVALUE
    CACHE 1
);


--
-- Name: myapp_proaccount; Type: TABLE; Schema: public; Owner: chambeoadmin
--

CREATE TABLE public.myapp_proaccount (
    id bigint NOT NULL,
    business_name character varying(255) NOT NULL,
    phone_number character varying(20) NOT NULL,
    zip_code character varying(10) NOT NULL,
    created_at timestamp with time zone NOT NULL,
    updated_at timestamp with time zone NOT NULL,
    user_id bigint NOT NULL,
    availability character varying(255) NOT NULL,
    payment_method character varying(50) NOT NULL,
    rates text,
    become_a_pro_completed boolean NOT NULL,
    onboarding_completed boolean NOT NULL
);


ALTER TABLE public.myapp_proaccount OWNER TO chambeoadmin;

--
-- Name: myapp_proaccount_id_seq; Type: SEQUENCE; Schema: public; Owner: chambeoadmin
--

ALTER TABLE public.myapp_proaccount ALTER COLUMN id ADD GENERATED BY DEFAULT AS IDENTITY (
    SEQUENCE NAME public.myapp_proaccount_id_seq
    START WITH 1
    INCREMENT BY 1
    NO MINVALUE
    NO MAXVALUE
    CACHE 1
);


--
-- Name: myapp_proaccount_services; Type: TABLE; Schema: public; Owner: chambeoadmin
--

CREATE TABLE public.myapp_proaccount_services (
    id bigint NOT NULL,
    proaccount_id bigint NOT NULL,
    service_id bigint NOT NULL
);


ALTER TABLE public.myapp_proaccount_services OWNER TO chambeoadmin;

--
-- Name: myapp_proaccount_services_id_seq; Type: SEQUENCE; Schema: public; Owner: chambeoadmin
--

ALTER TABLE public.myapp_proaccount_services ALTER COLUMN id ADD GENERATED BY DEFAULT AS IDENTITY (
    SEQUENCE NAME public.myapp_proaccount_services_id_seq
    START WITH 1
    INCREMENT BY 1
    NO MINVALUE
    NO MAXVALUE
    CACHE 1
);


--
-- Name: myapp_service; Type: TABLE; Schema: public; Owner: chambeoadmin
--

CREATE TABLE public.myapp_service (
    id bigint NOT NULL,
    name character varying(255) NOT NULL,
    category character varying(100) NOT NULL,
    created_at timestamp with time zone NOT NULL,
    updated_at timestamp with time zone NOT NULL
);


ALTER TABLE public.myapp_service OWNER TO chambeoadmin;

--
-- Name: myapp_service_id_seq; Type: SEQUENCE; Schema: public; Owner: chambeoadmin
--

ALTER TABLE public.myapp_service ALTER COLUMN id ADD GENERATED BY DEFAULT AS IDENTITY (
    SEQUENCE NAME public.myapp_service_id_seq
    START WITH 1
    INCREMENT BY 1
    NO MINVALUE
    NO MAXVALUE
    CACHE 1
);


--
-- Name: myapp_servicerate; Type: TABLE; Schema: public; Owner: chambeoadmin
--

CREATE TABLE public.myapp_servicerate (
    id bigint NOT NULL,
    rate numeric(10,2) NOT NULL,
    pro_account_id bigint NOT NULL,
    service_id bigint NOT NULL
);


ALTER TABLE public.myapp_servicerate OWNER TO chambeoadmin;

--
-- Name: myapp_servicerate_id_seq; Type: SEQUENCE; Schema: public; Owner: chambeoadmin
--

ALTER TABLE public.myapp_servicerate ALTER COLUMN id ADD GENERATED BY DEFAULT AS IDENTITY (
    SEQUENCE NAME public.myapp_servicerate_id_seq
    START WITH 1
    INCREMENT BY 1
    NO MINVALUE
    NO MAXVALUE
    CACHE 1
);


--
-- Name: myapp_userprofile; Type: TABLE; Schema: public; Owner: chambeoadmin
--

CREATE TABLE public.myapp_userprofile (
    id bigint NOT NULL,
    profile_picture character varying(100),
    bio text NOT NULL,
    created_at timestamp with time zone NOT NULL,
    updated_at timestamp with time zone NOT NULL,
    user_id bigint NOT NULL
);


ALTER TABLE public.myapp_userprofile OWNER TO chambeoadmin;

--
-- Name: myapp_userprofile_id_seq; Type: SEQUENCE; Schema: public; Owner: chambeoadmin
--

ALTER TABLE public.myapp_userprofile ALTER COLUMN id ADD GENERATED BY DEFAULT AS IDENTITY (
    SEQUENCE NAME public.myapp_userprofile_id_seq
    START WITH 1
    INCREMENT BY 1
    NO MINVALUE
    NO MAXVALUE
    CACHE 1
);


--
-- Name: myapp_zipcodes; Type: TABLE; Schema: public; Owner: chambeoadmin
--

CREATE TABLE public.myapp_zipcodes (
    id bigint NOT NULL,
    code character varying(10) NOT NULL
);


ALTER TABLE public.myapp_zipcodes OWNER TO chambeoadmin;

--
-- Name: myapp_zipcode_id_seq; Type: SEQUENCE; Schema: public; Owner: chambeoadmin
--

ALTER TABLE public.myapp_zipcodes ALTER COLUMN id ADD GENERATED BY DEFAULT AS IDENTITY (
    SEQUENCE NAME public.myapp_zipcode_id_seq
    START WITH 1
    INCREMENT BY 1
    NO MINVALUE
    NO MAXVALUE
    CACHE 1
);


--
-- Name: social_auth_association; Type: TABLE; Schema: public; Owner: chambeoadmin
--

CREATE TABLE public.social_auth_association (
    id bigint NOT NULL,
    server_url character varying(255) NOT NULL,
    handle character varying(255) NOT NULL,
    secret character varying(255) NOT NULL,
    issued integer NOT NULL,
    lifetime integer NOT NULL,
    assoc_type character varying(64) NOT NULL
);


ALTER TABLE public.social_auth_association OWNER TO chambeoadmin;

--
-- Name: social_auth_association_id_seq; Type: SEQUENCE; Schema: public; Owner: chambeoadmin
--

ALTER TABLE public.social_auth_association ALTER COLUMN id ADD GENERATED BY DEFAULT AS IDENTITY (
    SEQUENCE NAME public.social_auth_association_id_seq
    START WITH 1
    INCREMENT BY 1
    NO MINVALUE
    NO MAXVALUE
    CACHE 1
);


--
-- Name: social_auth_code; Type: TABLE; Schema: public; Owner: chambeoadmin
--

CREATE TABLE public.social_auth_code (
    id bigint NOT NULL,
    email character varying(254) NOT NULL,
    code character varying(32) NOT NULL,
    verified boolean NOT NULL,
    "timestamp" timestamp with time zone NOT NULL
);


ALTER TABLE public.social_auth_code OWNER TO chambeoadmin;

--
-- Name: social_auth_code_id_seq; Type: SEQUENCE; Schema: public; Owner: chambeoadmin
--

ALTER TABLE public.social_auth_code ALTER COLUMN id ADD GENERATED BY DEFAULT AS IDENTITY (
    SEQUENCE NAME public.social_auth_code_id_seq
    START WITH 1
    INCREMENT BY 1
    NO MINVALUE
    NO MAXVALUE
    CACHE 1
);


--
-- Name: social_auth_nonce; Type: TABLE; Schema: public; Owner: chambeoadmin
--

CREATE TABLE public.social_auth_nonce (
    id bigint NOT NULL,
    server_url character varying(255) NOT NULL,
    "timestamp" integer NOT NULL,
    salt character varying(65) NOT NULL
);


ALTER TABLE public.social_auth_nonce OWNER TO chambeoadmin;

--
-- Name: social_auth_nonce_id_seq; Type: SEQUENCE; Schema: public; Owner: chambeoadmin
--

ALTER TABLE public.social_auth_nonce ALTER COLUMN id ADD GENERATED BY DEFAULT AS IDENTITY (
    SEQUENCE NAME public.social_auth_nonce_id_seq
    START WITH 1
    INCREMENT BY 1
    NO MINVALUE
    NO MAXVALUE
    CACHE 1
);


--
-- Name: social_auth_partial; Type: TABLE; Schema: public; Owner: chambeoadmin
--

CREATE TABLE public.social_auth_partial (
    id bigint NOT NULL,
    token character varying(32) NOT NULL,
    next_step smallint NOT NULL,
    backend character varying(32) NOT NULL,
    "timestamp" timestamp with time zone NOT NULL,
    data jsonb NOT NULL,
    CONSTRAINT social_auth_partial_next_step_check CHECK ((next_step >= 0))
);


ALTER TABLE public.social_auth_partial OWNER TO chambeoadmin;

--
-- Name: social_auth_partial_id_seq; Type: SEQUENCE; Schema: public; Owner: chambeoadmin
--

ALTER TABLE public.social_auth_partial ALTER COLUMN id ADD GENERATED BY DEFAULT AS IDENTITY (
    SEQUENCE NAME public.social_auth_partial_id_seq
    START WITH 1
    INCREMENT BY 1
    NO MINVALUE
    NO MAXVALUE
    CACHE 1
);


--
-- Name: social_auth_usersocialauth; Type: TABLE; Schema: public; Owner: chambeoadmin
--

CREATE TABLE public.social_auth_usersocialauth (
    id bigint NOT NULL,
    provider character varying(32) NOT NULL,
    uid character varying(255) NOT NULL,
    user_id bigint NOT NULL,
    created timestamp with time zone NOT NULL,
    modified timestamp with time zone NOT NULL,
    extra_data jsonb NOT NULL
);


ALTER TABLE public.social_auth_usersocialauth OWNER TO chambeoadmin;

--
-- Name: social_auth_usersocialauth_id_seq; Type: SEQUENCE; Schema: public; Owner: chambeoadmin
--

ALTER TABLE public.social_auth_usersocialauth ALTER COLUMN id ADD GENERATED BY DEFAULT AS IDENTITY (
    SEQUENCE NAME public.social_auth_usersocialauth_id_seq
    START WITH 1
    INCREMENT BY 1
    NO MINVALUE
    NO MAXVALUE
    CACHE 1
);


--
-- Data for Name: auth_group; Type: TABLE DATA; Schema: public; Owner: chambeoadmin
--

COPY public.auth_group (id, name) FROM stdin;
\.


--
-- Data for Name: auth_group_permissions; Type: TABLE DATA; Schema: public; Owner: chambeoadmin
--

COPY public.auth_group_permissions (id, group_id, permission_id) FROM stdin;
\.


--
-- Data for Name: auth_permission; Type: TABLE DATA; Schema: public; Owner: chambeoadmin
--

COPY public.auth_permission (id, name, content_type_id, codename) FROM stdin;
1	Can add my user	1	add_myuser
2	Can change my user	1	change_myuser
3	Can delete my user	1	delete_myuser
4	Can view my user	1	view_myuser
5	Can add password reset code	2	add_passwordresetcode
6	Can change password reset code	2	change_passwordresetcode
7	Can delete password reset code	2	delete_passwordresetcode
8	Can view password reset code	2	view_passwordresetcode
9	Can add permission	3	add_permission
10	Can change permission	3	change_permission
11	Can delete permission	3	delete_permission
12	Can view permission	3	view_permission
13	Can add group	4	add_group
14	Can change group	4	change_group
15	Can delete group	4	delete_group
16	Can view group	4	view_group
17	Can add content type	5	add_contenttype
18	Can change content type	5	change_contenttype
19	Can delete content type	5	delete_contenttype
20	Can view content type	5	view_contenttype
21	Can add association	6	add_association
22	Can change association	6	change_association
23	Can delete association	6	delete_association
24	Can view association	6	view_association
25	Can add code	7	add_code
26	Can change code	7	change_code
27	Can delete code	7	delete_code
28	Can view code	7	view_code
29	Can add nonce	8	add_nonce
30	Can change nonce	8	change_nonce
31	Can delete nonce	8	delete_nonce
32	Can view nonce	8	view_nonce
33	Can add user social auth	9	add_usersocialauth
34	Can change user social auth	9	change_usersocialauth
35	Can delete user social auth	9	delete_usersocialauth
36	Can view user social auth	9	view_usersocialauth
37	Can add partial	10	add_partial
38	Can change partial	10	change_partial
39	Can delete partial	10	delete_partial
40	Can view partial	10	view_partial
41	Can add log entry	11	add_logentry
42	Can change log entry	11	change_logentry
43	Can delete log entry	11	delete_logentry
44	Can view log entry	11	view_logentry
45	Can add session	12	add_session
46	Can change session	12	change_session
47	Can delete session	12	delete_session
48	Can view session	12	view_session
49	Can add service	13	add_service
50	Can change service	13	change_service
51	Can delete service	13	delete_service
52	Can view service	13	view_service
53	Can add pro account	14	add_proaccount
54	Can change pro account	14	change_proaccount
55	Can delete pro account	14	delete_proaccount
56	Can view pro account	14	view_proaccount
57	Can add user profile	15	add_userprofile
58	Can change user profile	15	change_userprofile
59	Can delete user profile	15	delete_userprofile
60	Can view user profile	15	view_userprofile
61	Can add service rate	16	add_servicerate
62	Can change service rate	16	change_servicerate
63	Can delete service rate	16	delete_servicerate
64	Can view service rate	16	view_servicerate
65	Can add zip code	17	add_zipcode
66	Can change zip code	17	change_zipcode
67	Can delete zip code	17	delete_zipcode
68	Can view zip code	17	view_zipcode
\.


--
-- Data for Name: django_admin_log; Type: TABLE DATA; Schema: public; Owner: chambeoadmin
--

COPY public.django_admin_log (id, action_time, object_id, object_repr, action_flag, change_message, content_type_id, user_id) FROM stdin;
\.


--
-- Data for Name: django_content_type; Type: TABLE DATA; Schema: public; Owner: chambeoadmin
--

COPY public.django_content_type (id, app_label, model) FROM stdin;
1	myapp	myuser
2	myapp	passwordresetcode
3	auth	permission
4	auth	group
5	contenttypes	contenttype
6	social_django	association
7	social_django	code
8	social_django	nonce
9	social_django	usersocialauth
10	social_django	partial
11	admin	logentry
12	sessions	session
13	myapp	service
14	myapp	proaccount
15	myapp	userprofile
16	myapp	servicerate
17	myapp	zipcode
\.


--
-- Data for Name: django_migrations; Type: TABLE DATA; Schema: public; Owner: chambeoadmin
--

COPY public.django_migrations (id, app, name, applied) FROM stdin;
1	contenttypes	0001_initial	2024-07-16 14:56:47.692965-04
2	contenttypes	0002_remove_content_type_name	2024-07-16 14:59:25.844343-04
3	auth	0001_initial	2024-07-16 14:59:25.873366-04
4	auth	0002_alter_permission_name_max_length	2024-07-16 14:59:25.893972-04
5	auth	0003_alter_user_email_max_length	2024-07-16 14:59:25.897434-04
6	auth	0004_alter_user_username_opts	2024-07-16 14:59:25.900938-04
7	auth	0005_alter_user_last_login_null	2024-07-16 14:59:25.904422-04
8	auth	0006_require_contenttypes_0002	2024-07-16 14:59:25.905308-04
9	auth	0007_alter_validators_add_error_messages	2024-07-16 14:59:25.908844-04
10	auth	0008_alter_user_username_max_length	2024-07-16 14:59:25.912492-04
11	auth	0009_alter_user_last_name_max_length	2024-07-16 14:59:25.916039-04
12	auth	0010_alter_group_name_max_length	2024-07-16 14:59:25.920862-04
13	auth	0011_update_proxy_permissions	2024-07-16 14:59:25.924209-04
14	auth	0012_alter_user_first_name_max_length	2024-07-16 14:59:25.944113-04
15	myapp	0001_initial	2024-07-16 14:59:25.973075-04
16	admin	0001_initial	2024-07-16 15:03:21.185819-04
17	admin	0002_logentry_remove_auto_add	2024-07-16 15:03:21.192058-04
18	admin	0003_logentry_add_action_flag_choices	2024-07-16 15:03:21.19752-04
19	sessions	0001_initial	2024-07-16 15:03:21.203245-04
20	default	0001_initial	2024-07-16 15:03:21.249578-04
21	social_auth	0001_initial	2024-07-16 15:03:21.250817-04
22	default	0002_add_related_name	2024-07-16 15:03:21.257775-04
23	social_auth	0002_add_related_name	2024-07-16 15:03:21.258363-04
24	default	0003_alter_email_max_length	2024-07-16 15:03:21.261005-04
25	social_auth	0003_alter_email_max_length	2024-07-16 15:03:21.26148-04
26	default	0004_auto_20160423_0400	2024-07-16 15:03:21.267537-04
27	social_auth	0004_auto_20160423_0400	2024-07-16 15:03:21.283821-04
28	social_auth	0005_auto_20160727_2333	2024-07-16 15:03:21.286592-04
29	social_django	0006_partial	2024-07-16 15:03:21.292274-04
30	social_django	0007_code_timestamp	2024-07-16 15:03:21.296446-04
31	social_django	0008_partial_timestamp	2024-07-16 15:03:21.299741-04
32	social_django	0009_auto_20191118_0520	2024-07-16 15:03:21.31201-04
33	social_django	0010_uid_db_index	2024-07-16 15:03:21.335451-04
34	social_django	0011_alter_id_fields	2024-07-16 15:03:21.389792-04
35	social_django	0012_usersocialauth_extra_data_new	2024-07-16 15:03:21.401971-04
36	social_django	0013_migrate_extra_data	2024-07-16 15:03:21.433863-04
39	social_django	0004_auto_20160423_0400	2024-07-16 15:03:21.449604-04
40	social_django	0002_add_related_name	2024-07-16 15:03:21.450037-04
41	social_django	0001_initial	2024-07-16 15:03:21.450428-04
42	social_django	0005_auto_20160727_2333	2024-07-16 15:03:21.45079-04
43	social_django	0003_alter_email_max_length	2024-07-16 15:03:21.451145-04
44	myapp	0002_service_myuser_is_pro_myuser_pro_account_created_at_and_more	2024-07-18 22:41:24.489915-04
45	myapp	0003_myuser_is_pro_myuser_pro_account_created_at	2024-07-18 22:45:07.857144-04
46	myapp	0004_auto_20240719_0243	2024-07-18 22:45:07.873059-04
47	myapp	0005_myuser_bio_myuser_profile_picture_delete_userprofile	2024-07-19 10:59:58.086333-04
48	myapp	0006_remove_myuser_bio_remove_myuser_profile_picture_and_more	2024-07-19 11:10:44.858665-04
49	myapp	0007_final_cleanup	2024-07-19 11:20:57.78504-04
50	myapp	0008_remove_myuser_is_admin	2024-07-19 17:36:17.412811-04
51	myapp	0009_proaccount_availability_proaccount_bio_and_more	2024-07-19 17:47:27.255085-04
52	myapp	0010_create_servicerate	2024-07-20 11:58:37.682162-04
53	myapp	0011_servicerate_unique_constraint	2024-07-20 12:10:34.748844-04
54	myapp	0010_zipcode	2024-07-20 15:42:15.885949-04
55	myapp	0011_remove_zipcode_city_alter_zipcode_table	2024-07-20 15:43:34.263156-04
56	myapp	0012_alter_proaccount_rates	2024-07-20 16:47:56.76975-04
57	myapp	0013_remove_proaccount_bio_and_more	2024-07-20 17:05:13.036017-04
58	myapp	0014_alter_proaccount_availability	2024-07-20 17:19:49.551871-04
59	myapp	0015_alter_proaccount_availability	2024-07-21 11:34:13.715494-04
60	myapp	0016_auto_20240721_1536	2024-07-21 11:36:31.584382-04
61	myapp	0017_add_is_pro_field	2024-07-21 11:43:17.872087-04
62	myapp	0018_merge_0016_auto_20240721_1536_0017_add_is_pro_field	2024-07-21 11:43:24.074126-04
64	myapp	0019_add_pro_account_created_at	2024-07-21 13:02:30.617681-04
65	social_django	0014_remove_usersocialauth_extra_data	2024-07-21 13:02:39.269115-04
66	social_django	0015_rename_extra_data_new_usersocialauth_extra_data	2024-07-21 13:02:39.279301-04
\.


--
-- Data for Name: django_session; Type: TABLE DATA; Schema: public; Owner: chambeoadmin
--

COPY public.django_session (session_key, session_data, expire_date) FROM stdin;
9somezres0znrhy92okz4as5s816naep	.eJxVjLEOAiEQRP-F2hBAFsHS3m8gC7snpwaS464y_ruSXKHVJPPezEtE3NYSt85LnEmchRaH3y5hfnAdgO5Yb03mVtdlTnIocqddXhvx87K7fwcFe_muAXUIgS0TgAqK3YltSoGM16izIzt5hMmRz-j4mLzJZMAiOXAjlXh_AOn0OAw:1sUaFD:Z81Hu95yypv8IlWLETBdsx7KGMuooGfndvTvDcW-OlQ	2024-07-18 19:14:03.57794-04
0pi5r626o2m68utrdoy2ipd0r91jfwi6	.eJxVjLEOAiEQRP-F2hBAFsHS3m8gC7snpwaS464y_ruSXKHVJPPezEtE3NYSt85LnEmchRaH3y5hfnAdgO5Yb03mVtdlTnIocqddXhvx87K7fwcFe_muAXUIgS0TgAqK3YltSoGM16izIzt5hMmRz-j4mLzJZMAiOXAjlXh_AOn0OAw:1sUcsG:Lz9Wvj9XtI07E_O3K0GBSbR1mtDWHfn18qqP7xeVi80	2024-07-18 22:02:32.21708-04
ft7sboruzsalgiqwh0bo5htllp81tua0	.eJxVjDsOwjAQBe_iGlnYjn-U9DlDtOtd4wCypTipEHeHSCmgfTPzXmKCbS3T1nmZZhIXYcTpd0NID647oDvUW5Op1XWZUe6KPGiXYyN-Xg_376BAL986qRjPTGHwETH5FE3OOCiftcnecdCYnIselOLg2RI5bRUFG8BqthbE-wPu1Tf3:1sXTni:4K-5jbLr6TIWkiTtG9hQyI4nHsYV28a5TrYcbvcGe6k	2024-08-09 18:52:38.476623-04
ys291quhylsyqs6av7mnkzk6g930ox6l	.eJxVjLEOAiEQRP-F2hBAFsHS3m8gC7snpwaS464y_ruSXKHVJPPezEtE3NYSt85LnEmchRaH3y5hfnAdgO5Yb03mVtdlTnIocqddXhvx87K7fwcFe_muAXUIgS0TgAqK3YltSoGM16izIzt5hMmRz-j4mLzJZMAiOXAjlXh_AOn0OAw:1sUddF:Coy2bSNnt-OkGCUUytryPljw18sdLWgYb_czStgNgWU	2024-07-18 22:51:05.715964-04
976pucgqjzy5giqs2ru1zrf9kj7v0zh2	.eJxVjLEOAiEQRP-F2hBAFsHS3m8gC7snpwaS464y_ruSXKHVJPPezEtE3NYSt85LnEmchRaH3y5hfnAdgO5Yb03mVtdlTnIocqddXhvx87K7fwcFe_muAXUIgS0TgAqK3YltSoGM16izIzt5hMmRz-j4mLzJZMAiOXAjlXh_AOn0OAw:1sUoD1:7x2HrXDEoOe5Y3xPKxUjCyAyt5Z4OaeQXnpOe0liNUI	2024-07-19 10:08:43.969882-04
m45dhkqxz9za9bez7a5b383nnujjsngm	.eJxVjLEOAiEQRP-F2hBAFsHS3m8gC7snpwaS464y_ruSXKHVJPPezEtE3NYSt85LnEmchRaH3y5hfnAdgO5Yb03mVtdlTnIocqddXhvx87K7fwcFe_muAXUIgS0TgAqK3YltSoGM16izIzt5hMmRz-j4mLzJZMAiOXAjlXh_AOn0OAw:1sUpTW:81RiCdRlqJfYX1IS7gMCJSbgZfF8-rFlyxgSZO08zrY	2024-07-19 11:29:50.674764-04
a98xzmmxnr3is1wdpt59wxyrytusog3v	.eJxVjLEOAiEQRP-F2hBAFsHS3m8gC7snpwaS464y_ruSXKHVJPPezEtE3NYSt85LnEmchRaH3y5hfnAdgO5Yb03mVtdlTnIocqddXhvx87K7fwcFe_muAXUIgS0TgAqK3YltSoGM16izIzt5hMmRz-j4mLzJZMAiOXAjlXh_AOn0OAw:1sUvV4:Q6zvVxI9nCEt3xgDkmJyXmYoOqqWxlwjAopui6T7-Zs	2024-07-19 17:55:50.936032-04
iz8c7t6rltcr3ghme4xsbxamp41o55uf	.eJxVjEsOAiEQBe_C2pAeGBpw6d4zkIYGGTWQzGdlvLtOMgvdvqp6LxFoW2vYljyHicVZOHH63SKlR2474Du1W5ept3WeotwVedBFXjvn5-Vw_w4qLfVbQ3FDglHZkgwDGmSnwKNlQgaNZihYnDYxa9bAEWgkJIborbejVizeH9DJN3E:1sanUL:3goPVUKz-AgRqOrX6b875klTQOv-RcIuHYOlC8BeCiE	2024-08-18 22:30:21.706452-04
\.


--
-- Data for Name: myapp_myuser; Type: TABLE DATA; Schema: public; Owner: chambeoadmin
--

COPY public.myapp_myuser (id, password, last_login, is_superuser, email, username, first_name, last_name, is_active, is_pro, pro_account_created_at) FROM stdin;
8	pbkdf2_sha256$720000$EDtQQraVWxYNmJIvOMfzl6$3IRVIzIUuHydmxH/o0Wk2TYd4p2ZrPZgseoEnuaWNkc=	2024-08-01 16:01:46.287133-04	f	alvarolaham@gmail.com	alvarolaham	Alvaro	Laham	t	t	2024-08-04 22:30:15.000668-04
\.


--
-- Data for Name: myapp_myuser_groups; Type: TABLE DATA; Schema: public; Owner: chambeoadmin
--

COPY public.myapp_myuser_groups (id, myuser_id, group_id) FROM stdin;
\.


--
-- Data for Name: myapp_myuser_user_permissions; Type: TABLE DATA; Schema: public; Owner: chambeoadmin
--

COPY public.myapp_myuser_user_permissions (id, myuser_id, permission_id) FROM stdin;
\.


--
-- Data for Name: myapp_passwordresetcode; Type: TABLE DATA; Schema: public; Owner: chambeoadmin
--

COPY public.myapp_passwordresetcode (id, code, created_at, user_id) FROM stdin;
\.


--
-- Data for Name: myapp_proaccount; Type: TABLE DATA; Schema: public; Owner: chambeoadmin
--

COPY public.myapp_proaccount (id, business_name, phone_number, zip_code, created_at, updated_at, user_id, availability, payment_method, rates, become_a_pro_completed, onboarding_completed) FROM stdin;
64	Wepa	7873659652	00729	2024-08-04 22:29:30.482658-04	2024-08-04 22:30:14.999639-04	8	M-F		{"37":58}	t	t
\.


--
-- Data for Name: myapp_proaccount_services; Type: TABLE DATA; Schema: public; Owner: chambeoadmin
--

COPY public.myapp_proaccount_services (id, proaccount_id, service_id) FROM stdin;
80	64	37
\.


--
-- Data for Name: myapp_service; Type: TABLE DATA; Schema: public; Owner: chambeoadmin
--

COPY public.myapp_service (id, name, category, created_at, updated_at) FROM stdin;
33	Accounting	professional_services	2024-07-20 14:02:16.869118-04	2024-07-20 14:12:35.034397-04
34	Legal Services	professional_services	2024-07-20 14:02:16.870501-04	2024-07-20 14:12:35.035522-04
35	Consulting	professional_services	2024-07-20 14:02:16.8717-04	2024-07-20 14:12:35.036627-04
36	Event Planning	events_services	2024-07-20 14:02:16.872803-04	2024-07-20 14:12:35.037732-04
37	Catering	events_services	2024-07-20 14:02:16.874151-04	2024-07-20 14:12:35.038838-04
40	Entertainment	events_services	2024-07-20 14:12:35.058055-04	2024-07-20 14:12:35.058069-04
6	Air Conditioning	home_services	2024-07-20 12:11:12.057721-04	2024-07-20 14:12:34.984022-04
7	Babysitting/Nanny Services	home_services	2024-07-20 13:19:16.342867-04	2024-07-20 14:12:34.985932-04
11	Construction & Remodeling	home_services	2024-07-20 14:02:16.822078-04	2024-07-20 14:12:34.987289-04
12	Electrician	home_services	2024-07-20 14:02:16.823378-04	2024-07-20 14:12:34.988652-04
2	Gardening	home_services	2024-07-19 18:45:58.200859-04	2024-07-20 14:12:35.007238-04
3	House & Airbnb Cleaning	home_services	2024-07-19 18:53:37.680468-04	2024-07-20 14:12:35.009828-04
1	Interior Design	home_services	2024-07-19 18:02:14.902155-04	2024-07-20 14:12:35.011734-04
5	Landscaping	home_services	2024-07-19 19:04:29.038454-04	2024-07-20 14:12:35.013447-04
4	Painting	home_services	2024-07-19 19:02:25.483621-04	2024-07-20 14:12:35.015153-04
18	Pest Control	home_services	2024-07-20 14:02:16.83324-04	2024-07-20 14:12:35.016469-04
19	Plumbing	home_services	2024-07-20 14:02:16.834361-04	2024-07-20 14:12:35.017883-04
20	Roofing	home_services	2024-07-20 14:02:16.835601-04	2024-07-20 14:12:35.019185-04
21	Security Systems	home_services	2024-07-20 14:02:16.836718-04	2024-07-20 14:12:35.020451-04
22	Solar Panel Installation	home_services	2024-07-20 14:02:16.838126-04	2024-07-20 14:12:35.021586-04
23	Swimming Pool Maintenance	home_services	2024-07-20 14:02:16.839848-04	2024-07-20 14:12:35.022648-04
24	Car Towing Services	car_and_vehicle_services	2024-07-20 14:02:16.841106-04	2024-07-20 14:12:35.023697-04
25	Car Wash and Detailing	car_and_vehicle_services	2024-07-20 14:02:16.842399-04	2024-07-20 14:12:35.024899-04
26	Mechanics	car_and_vehicle_services	2024-07-20 14:02:16.843707-04	2024-07-20 14:12:35.026074-04
27	Pet boarding	pet_services	2024-07-20 14:02:16.844871-04	2024-07-20 14:12:35.02744-04
28	Pet grooming	pet_services	2024-07-20 14:02:16.862633-04	2024-07-20 14:12:35.028663-04
29	Pet training	pet_services	2024-07-20 14:02:16.864155-04	2024-07-20 14:12:35.029839-04
30	Local Moving	moving_services	2024-07-20 14:02:16.865544-04	2024-07-20 14:12:35.031038-04
31	Long Distance Moving	moving_services	2024-07-20 14:02:16.866749-04	2024-07-20 14:12:35.032096-04
32	Storage Solutions	moving_services	2024-07-20 14:02:16.867815-04	2024-07-20 14:12:35.033122-04
\.


--
-- Data for Name: myapp_servicerate; Type: TABLE DATA; Schema: public; Owner: chambeoadmin
--

COPY public.myapp_servicerate (id, rate, pro_account_id, service_id) FROM stdin;
\.


--
-- Data for Name: myapp_userprofile; Type: TABLE DATA; Schema: public; Owner: chambeoadmin
--

COPY public.myapp_userprofile (id, profile_picture, bio, created_at, updated_at, user_id) FROM stdin;
33			2024-08-04 22:29:48.119263-04	2024-08-04 22:30:18.964278-04	8
\.


--
-- Data for Name: myapp_zipcodes; Type: TABLE DATA; Schema: public; Owner: chambeoadmin
--

COPY public.myapp_zipcodes (id, code) FROM stdin;
1	00735
2	00723
3	00957
4	00716
5	00662
6	00936
7	00979
8	00740
9	00959
10	00912
11	00611
12	00909
13	00682
14	00952
15	00956
16	00718
17	00715
18	00704
19	00681
20	00902
21	00637
22	00739
23	00795
24	00771
25	00613
26	00929
27	00736
28	00719
29	00652
30	00614
31	00931
32	00908
33	00978
34	00646
35	00688
36	00647
37	00603
38	00725
39	00921
40	00690
41	00966
42	00778
43	00738
44	00907
45	00729
46	00784
47	00687
48	00982
49	00744
50	00925
51	00638
52	00703
53	00610
54	00977
55	00741
56	00732
57	00641
58	00951
59	00794
60	00677
61	00772
62	00627
63	00734
64	00726
65	00605
66	00968
67	00970
68	00969
69	00981
70	00667
71	00745
72	00606
73	00934
74	00923
75	00971
76	00983
77	00958
78	00920
79	00680
80	00676
81	00698
82	00617
83	00720
84	00924
85	00678
86	00669
87	00916
88	00919
89	00976
90	00775
91	00604
92	00933
93	00765
94	00742
95	00930
96	00616
97	00926
98	00786
99	00901
100	00692
101	00650
102	00949
103	00773
104	00783
105	00950
106	00670
107	00917
108	00985
109	00963
110	00653
111	00754
112	00777
113	00782
114	00612
115	00602
116	00737
117	00721
118	00960
119	00766
120	00965
121	00767
122	00685
123	00693
124	00623
125	00751
126	00906
127	00705
128	00660
129	00962
130	00664
131	00601
132	00707
133	00987
134	00953
135	00636
136	00659
137	00915
138	00988
139	00911
140	00914
141	00683
142	00785
143	00674
144	00731
145	00717
146	00940
147	00961
148	00714
149	00730
150	00728
151	00780
152	00927
153	00791
154	00757
155	00910
156	00769
157	00792
158	00656
159	00986
160	00984
161	00928
162	00954
163	00624
164	00733
165	00631
166	00727
167	00913
168	00694
169	00622
\.


--
-- Data for Name: social_auth_association; Type: TABLE DATA; Schema: public; Owner: chambeoadmin
--

COPY public.social_auth_association (id, server_url, handle, secret, issued, lifetime, assoc_type) FROM stdin;
\.


--
-- Data for Name: social_auth_code; Type: TABLE DATA; Schema: public; Owner: chambeoadmin
--

COPY public.social_auth_code (id, email, code, verified, "timestamp") FROM stdin;
\.


--
-- Data for Name: social_auth_nonce; Type: TABLE DATA; Schema: public; Owner: chambeoadmin
--

COPY public.social_auth_nonce (id, server_url, "timestamp", salt) FROM stdin;
\.


--
-- Data for Name: social_auth_partial; Type: TABLE DATA; Schema: public; Owner: chambeoadmin
--

COPY public.social_auth_partial (id, token, next_step, backend, "timestamp", data) FROM stdin;
\.


--
-- Data for Name: social_auth_usersocialauth; Type: TABLE DATA; Schema: public; Owner: chambeoadmin
--

COPY public.social_auth_usersocialauth (id, provider, uid, user_id, created, modified, extra_data) FROM stdin;
\.


--
-- Name: auth_group_id_seq; Type: SEQUENCE SET; Schema: public; Owner: chambeoadmin
--

SELECT pg_catalog.setval('public.auth_group_id_seq', 1, false);


--
-- Name: auth_group_permissions_id_seq; Type: SEQUENCE SET; Schema: public; Owner: chambeoadmin
--

SELECT pg_catalog.setval('public.auth_group_permissions_id_seq', 1, false);


--
-- Name: auth_permission_id_seq; Type: SEQUENCE SET; Schema: public; Owner: chambeoadmin
--

SELECT pg_catalog.setval('public.auth_permission_id_seq', 68, true);


--
-- Name: django_admin_log_id_seq; Type: SEQUENCE SET; Schema: public; Owner: chambeoadmin
--

SELECT pg_catalog.setval('public.django_admin_log_id_seq', 1, false);


--
-- Name: django_content_type_id_seq; Type: SEQUENCE SET; Schema: public; Owner: chambeoadmin
--

SELECT pg_catalog.setval('public.django_content_type_id_seq', 17, true);


--
-- Name: django_migrations_id_seq; Type: SEQUENCE SET; Schema: public; Owner: chambeoadmin
--

SELECT pg_catalog.setval('public.django_migrations_id_seq', 66, true);


--
-- Name: myapp_myuser_groups_id_seq; Type: SEQUENCE SET; Schema: public; Owner: chambeoadmin
--

SELECT pg_catalog.setval('public.myapp_myuser_groups_id_seq', 1, false);


--
-- Name: myapp_myuser_id_seq; Type: SEQUENCE SET; Schema: public; Owner: chambeoadmin
--

SELECT pg_catalog.setval('public.myapp_myuser_id_seq', 8, true);


--
-- Name: myapp_myuser_user_permissions_id_seq; Type: SEQUENCE SET; Schema: public; Owner: chambeoadmin
--

SELECT pg_catalog.setval('public.myapp_myuser_user_permissions_id_seq', 1, false);


--
-- Name: myapp_passwordresetcode_id_seq; Type: SEQUENCE SET; Schema: public; Owner: chambeoadmin
--

SELECT pg_catalog.setval('public.myapp_passwordresetcode_id_seq', 2, true);


--
-- Name: myapp_proaccount_id_seq; Type: SEQUENCE SET; Schema: public; Owner: chambeoadmin
--

SELECT pg_catalog.setval('public.myapp_proaccount_id_seq', 64, true);


--
-- Name: myapp_proaccount_services_id_seq; Type: SEQUENCE SET; Schema: public; Owner: chambeoadmin
--

SELECT pg_catalog.setval('public.myapp_proaccount_services_id_seq', 80, true);


--
-- Name: myapp_service_id_seq; Type: SEQUENCE SET; Schema: public; Owner: chambeoadmin
--

SELECT pg_catalog.setval('public.myapp_service_id_seq', 40, true);


--
-- Name: myapp_servicerate_id_seq; Type: SEQUENCE SET; Schema: public; Owner: chambeoadmin
--

SELECT pg_catalog.setval('public.myapp_servicerate_id_seq', 1, true);


--
-- Name: myapp_userprofile_id_seq; Type: SEQUENCE SET; Schema: public; Owner: chambeoadmin
--

SELECT pg_catalog.setval('public.myapp_userprofile_id_seq', 33, true);


--
-- Name: myapp_zipcode_id_seq; Type: SEQUENCE SET; Schema: public; Owner: chambeoadmin
--

SELECT pg_catalog.setval('public.myapp_zipcode_id_seq', 169, true);


--
-- Name: social_auth_association_id_seq; Type: SEQUENCE SET; Schema: public; Owner: chambeoadmin
--

SELECT pg_catalog.setval('public.social_auth_association_id_seq', 1, false);


--
-- Name: social_auth_code_id_seq; Type: SEQUENCE SET; Schema: public; Owner: chambeoadmin
--

SELECT pg_catalog.setval('public.social_auth_code_id_seq', 1, false);


--
-- Name: social_auth_nonce_id_seq; Type: SEQUENCE SET; Schema: public; Owner: chambeoadmin
--

SELECT pg_catalog.setval('public.social_auth_nonce_id_seq', 1, false);


--
-- Name: social_auth_partial_id_seq; Type: SEQUENCE SET; Schema: public; Owner: chambeoadmin
--

SELECT pg_catalog.setval('public.social_auth_partial_id_seq', 1, false);


--
-- Name: social_auth_usersocialauth_id_seq; Type: SEQUENCE SET; Schema: public; Owner: chambeoadmin
--

SELECT pg_catalog.setval('public.social_auth_usersocialauth_id_seq', 1, false);


--
-- Name: auth_group auth_group_name_key; Type: CONSTRAINT; Schema: public; Owner: chambeoadmin
--

ALTER TABLE ONLY public.auth_group
    ADD CONSTRAINT auth_group_name_key UNIQUE (name);


--
-- Name: auth_group_permissions auth_group_permissions_group_id_permission_id_0cd325b0_uniq; Type: CONSTRAINT; Schema: public; Owner: chambeoadmin
--

ALTER TABLE ONLY public.auth_group_permissions
    ADD CONSTRAINT auth_group_permissions_group_id_permission_id_0cd325b0_uniq UNIQUE (group_id, permission_id);


--
-- Name: auth_group_permissions auth_group_permissions_pkey; Type: CONSTRAINT; Schema: public; Owner: chambeoadmin
--

ALTER TABLE ONLY public.auth_group_permissions
    ADD CONSTRAINT auth_group_permissions_pkey PRIMARY KEY (id);


--
-- Name: auth_group auth_group_pkey; Type: CONSTRAINT; Schema: public; Owner: chambeoadmin
--

ALTER TABLE ONLY public.auth_group
    ADD CONSTRAINT auth_group_pkey PRIMARY KEY (id);


--
-- Name: auth_permission auth_permission_content_type_id_codename_01ab375a_uniq; Type: CONSTRAINT; Schema: public; Owner: chambeoadmin
--

ALTER TABLE ONLY public.auth_permission
    ADD CONSTRAINT auth_permission_content_type_id_codename_01ab375a_uniq UNIQUE (content_type_id, codename);


--
-- Name: auth_permission auth_permission_pkey; Type: CONSTRAINT; Schema: public; Owner: chambeoadmin
--

ALTER TABLE ONLY public.auth_permission
    ADD CONSTRAINT auth_permission_pkey PRIMARY KEY (id);


--
-- Name: django_admin_log django_admin_log_pkey; Type: CONSTRAINT; Schema: public; Owner: chambeoadmin
--

ALTER TABLE ONLY public.django_admin_log
    ADD CONSTRAINT django_admin_log_pkey PRIMARY KEY (id);


--
-- Name: django_content_type django_content_type_app_label_model_76bd3d3b_uniq; Type: CONSTRAINT; Schema: public; Owner: chambeoadmin
--

ALTER TABLE ONLY public.django_content_type
    ADD CONSTRAINT django_content_type_app_label_model_76bd3d3b_uniq UNIQUE (app_label, model);


--
-- Name: django_content_type django_content_type_pkey; Type: CONSTRAINT; Schema: public; Owner: chambeoadmin
--

ALTER TABLE ONLY public.django_content_type
    ADD CONSTRAINT django_content_type_pkey PRIMARY KEY (id);


--
-- Name: django_migrations django_migrations_pkey; Type: CONSTRAINT; Schema: public; Owner: chambeoadmin
--

ALTER TABLE ONLY public.django_migrations
    ADD CONSTRAINT django_migrations_pkey PRIMARY KEY (id);


--
-- Name: django_session django_session_pkey; Type: CONSTRAINT; Schema: public; Owner: chambeoadmin
--

ALTER TABLE ONLY public.django_session
    ADD CONSTRAINT django_session_pkey PRIMARY KEY (session_key);


--
-- Name: myapp_myuser myapp_myuser_email_key; Type: CONSTRAINT; Schema: public; Owner: chambeoadmin
--

ALTER TABLE ONLY public.myapp_myuser
    ADD CONSTRAINT myapp_myuser_email_key UNIQUE (email);


--
-- Name: myapp_myuser_groups myapp_myuser_groups_myuser_id_group_id_1df8fa3a_uniq; Type: CONSTRAINT; Schema: public; Owner: chambeoadmin
--

ALTER TABLE ONLY public.myapp_myuser_groups
    ADD CONSTRAINT myapp_myuser_groups_myuser_id_group_id_1df8fa3a_uniq UNIQUE (myuser_id, group_id);


--
-- Name: myapp_myuser_groups myapp_myuser_groups_pkey; Type: CONSTRAINT; Schema: public; Owner: chambeoadmin
--

ALTER TABLE ONLY public.myapp_myuser_groups
    ADD CONSTRAINT myapp_myuser_groups_pkey PRIMARY KEY (id);


--
-- Name: myapp_myuser myapp_myuser_pkey; Type: CONSTRAINT; Schema: public; Owner: chambeoadmin
--

ALTER TABLE ONLY public.myapp_myuser
    ADD CONSTRAINT myapp_myuser_pkey PRIMARY KEY (id);


--
-- Name: myapp_myuser_user_permissions myapp_myuser_user_permis_myuser_id_permission_id_184fd116_uniq; Type: CONSTRAINT; Schema: public; Owner: chambeoadmin
--

ALTER TABLE ONLY public.myapp_myuser_user_permissions
    ADD CONSTRAINT myapp_myuser_user_permis_myuser_id_permission_id_184fd116_uniq UNIQUE (myuser_id, permission_id);


--
-- Name: myapp_myuser_user_permissions myapp_myuser_user_permissions_pkey; Type: CONSTRAINT; Schema: public; Owner: chambeoadmin
--

ALTER TABLE ONLY public.myapp_myuser_user_permissions
    ADD CONSTRAINT myapp_myuser_user_permissions_pkey PRIMARY KEY (id);


--
-- Name: myapp_myuser myapp_myuser_username_key; Type: CONSTRAINT; Schema: public; Owner: chambeoadmin
--

ALTER TABLE ONLY public.myapp_myuser
    ADD CONSTRAINT myapp_myuser_username_key UNIQUE (username);


--
-- Name: myapp_passwordresetcode myapp_passwordresetcode_pkey; Type: CONSTRAINT; Schema: public; Owner: chambeoadmin
--

ALTER TABLE ONLY public.myapp_passwordresetcode
    ADD CONSTRAINT myapp_passwordresetcode_pkey PRIMARY KEY (id);


--
-- Name: myapp_proaccount myapp_proaccount_pkey; Type: CONSTRAINT; Schema: public; Owner: chambeoadmin
--

ALTER TABLE ONLY public.myapp_proaccount
    ADD CONSTRAINT myapp_proaccount_pkey PRIMARY KEY (id);


--
-- Name: myapp_proaccount_services myapp_proaccount_service_proaccount_id_service_id_d55b6e06_uniq; Type: CONSTRAINT; Schema: public; Owner: chambeoadmin
--

ALTER TABLE ONLY public.myapp_proaccount_services
    ADD CONSTRAINT myapp_proaccount_service_proaccount_id_service_id_d55b6e06_uniq UNIQUE (proaccount_id, service_id);


--
-- Name: myapp_proaccount_services myapp_proaccount_services_pkey; Type: CONSTRAINT; Schema: public; Owner: chambeoadmin
--

ALTER TABLE ONLY public.myapp_proaccount_services
    ADD CONSTRAINT myapp_proaccount_services_pkey PRIMARY KEY (id);


--
-- Name: myapp_proaccount myapp_proaccount_user_id_key; Type: CONSTRAINT; Schema: public; Owner: chambeoadmin
--

ALTER TABLE ONLY public.myapp_proaccount
    ADD CONSTRAINT myapp_proaccount_user_id_key UNIQUE (user_id);


--
-- Name: myapp_service myapp_service_name_key; Type: CONSTRAINT; Schema: public; Owner: chambeoadmin
--

ALTER TABLE ONLY public.myapp_service
    ADD CONSTRAINT myapp_service_name_key UNIQUE (name);


--
-- Name: myapp_service myapp_service_pkey; Type: CONSTRAINT; Schema: public; Owner: chambeoadmin
--

ALTER TABLE ONLY public.myapp_service
    ADD CONSTRAINT myapp_service_pkey PRIMARY KEY (id);


--
-- Name: myapp_servicerate myapp_servicerate_pkey; Type: CONSTRAINT; Schema: public; Owner: chambeoadmin
--

ALTER TABLE ONLY public.myapp_servicerate
    ADD CONSTRAINT myapp_servicerate_pkey PRIMARY KEY (id);


--
-- Name: myapp_servicerate myapp_servicerate_pro_account_id_service_id_5ad19e42_uniq; Type: CONSTRAINT; Schema: public; Owner: chambeoadmin
--

ALTER TABLE ONLY public.myapp_servicerate
    ADD CONSTRAINT myapp_servicerate_pro_account_id_service_id_5ad19e42_uniq UNIQUE (pro_account_id, service_id);


--
-- Name: myapp_userprofile myapp_userprofile_pkey; Type: CONSTRAINT; Schema: public; Owner: chambeoadmin
--

ALTER TABLE ONLY public.myapp_userprofile
    ADD CONSTRAINT myapp_userprofile_pkey PRIMARY KEY (id);


--
-- Name: myapp_userprofile myapp_userprofile_user_id_key; Type: CONSTRAINT; Schema: public; Owner: chambeoadmin
--

ALTER TABLE ONLY public.myapp_userprofile
    ADD CONSTRAINT myapp_userprofile_user_id_key UNIQUE (user_id);


--
-- Name: myapp_zipcodes myapp_zipcode_code_key; Type: CONSTRAINT; Schema: public; Owner: chambeoadmin
--

ALTER TABLE ONLY public.myapp_zipcodes
    ADD CONSTRAINT myapp_zipcode_code_key UNIQUE (code);


--
-- Name: myapp_zipcodes myapp_zipcode_pkey; Type: CONSTRAINT; Schema: public; Owner: chambeoadmin
--

ALTER TABLE ONLY public.myapp_zipcodes
    ADD CONSTRAINT myapp_zipcode_pkey PRIMARY KEY (id);


--
-- Name: social_auth_association social_auth_association_pkey; Type: CONSTRAINT; Schema: public; Owner: chambeoadmin
--

ALTER TABLE ONLY public.social_auth_association
    ADD CONSTRAINT social_auth_association_pkey PRIMARY KEY (id);


--
-- Name: social_auth_association social_auth_association_server_url_handle_078befa2_uniq; Type: CONSTRAINT; Schema: public; Owner: chambeoadmin
--

ALTER TABLE ONLY public.social_auth_association
    ADD CONSTRAINT social_auth_association_server_url_handle_078befa2_uniq UNIQUE (server_url, handle);


--
-- Name: social_auth_code social_auth_code_email_code_801b2d02_uniq; Type: CONSTRAINT; Schema: public; Owner: chambeoadmin
--

ALTER TABLE ONLY public.social_auth_code
    ADD CONSTRAINT social_auth_code_email_code_801b2d02_uniq UNIQUE (email, code);


--
-- Name: social_auth_code social_auth_code_pkey; Type: CONSTRAINT; Schema: public; Owner: chambeoadmin
--

ALTER TABLE ONLY public.social_auth_code
    ADD CONSTRAINT social_auth_code_pkey PRIMARY KEY (id);


--
-- Name: social_auth_nonce social_auth_nonce_pkey; Type: CONSTRAINT; Schema: public; Owner: chambeoadmin
--

ALTER TABLE ONLY public.social_auth_nonce
    ADD CONSTRAINT social_auth_nonce_pkey PRIMARY KEY (id);


--
-- Name: social_auth_nonce social_auth_nonce_server_url_timestamp_salt_f6284463_uniq; Type: CONSTRAINT; Schema: public; Owner: chambeoadmin
--

ALTER TABLE ONLY public.social_auth_nonce
    ADD CONSTRAINT social_auth_nonce_server_url_timestamp_salt_f6284463_uniq UNIQUE (server_url, "timestamp", salt);


--
-- Name: social_auth_partial social_auth_partial_pkey; Type: CONSTRAINT; Schema: public; Owner: chambeoadmin
--

ALTER TABLE ONLY public.social_auth_partial
    ADD CONSTRAINT social_auth_partial_pkey PRIMARY KEY (id);


--
-- Name: social_auth_usersocialauth social_auth_usersocialauth_pkey; Type: CONSTRAINT; Schema: public; Owner: chambeoadmin
--

ALTER TABLE ONLY public.social_auth_usersocialauth
    ADD CONSTRAINT social_auth_usersocialauth_pkey PRIMARY KEY (id);


--
-- Name: social_auth_usersocialauth social_auth_usersocialauth_provider_uid_e6b5e668_uniq; Type: CONSTRAINT; Schema: public; Owner: chambeoadmin
--

ALTER TABLE ONLY public.social_auth_usersocialauth
    ADD CONSTRAINT social_auth_usersocialauth_provider_uid_e6b5e668_uniq UNIQUE (provider, uid);


--
-- Name: auth_group_name_a6ea08ec_like; Type: INDEX; Schema: public; Owner: chambeoadmin
--

CREATE INDEX auth_group_name_a6ea08ec_like ON public.auth_group USING btree (name varchar_pattern_ops);


--
-- Name: auth_group_permissions_group_id_b120cbf9; Type: INDEX; Schema: public; Owner: chambeoadmin
--

CREATE INDEX auth_group_permissions_group_id_b120cbf9 ON public.auth_group_permissions USING btree (group_id);


--
-- Name: auth_group_permissions_permission_id_84c5c92e; Type: INDEX; Schema: public; Owner: chambeoadmin
--

CREATE INDEX auth_group_permissions_permission_id_84c5c92e ON public.auth_group_permissions USING btree (permission_id);


--
-- Name: auth_permission_content_type_id_2f476e4b; Type: INDEX; Schema: public; Owner: chambeoadmin
--

CREATE INDEX auth_permission_content_type_id_2f476e4b ON public.auth_permission USING btree (content_type_id);


--
-- Name: django_admin_log_content_type_id_c4bce8eb; Type: INDEX; Schema: public; Owner: chambeoadmin
--

CREATE INDEX django_admin_log_content_type_id_c4bce8eb ON public.django_admin_log USING btree (content_type_id);


--
-- Name: django_admin_log_user_id_c564eba6; Type: INDEX; Schema: public; Owner: chambeoadmin
--

CREATE INDEX django_admin_log_user_id_c564eba6 ON public.django_admin_log USING btree (user_id);


--
-- Name: django_session_expire_date_a5c62663; Type: INDEX; Schema: public; Owner: chambeoadmin
--

CREATE INDEX django_session_expire_date_a5c62663 ON public.django_session USING btree (expire_date);


--
-- Name: django_session_session_key_c0390e0f_like; Type: INDEX; Schema: public; Owner: chambeoadmin
--

CREATE INDEX django_session_session_key_c0390e0f_like ON public.django_session USING btree (session_key varchar_pattern_ops);


--
-- Name: myapp_myuser_email_3369630d_like; Type: INDEX; Schema: public; Owner: chambeoadmin
--

CREATE INDEX myapp_myuser_email_3369630d_like ON public.myapp_myuser USING btree (email varchar_pattern_ops);


--
-- Name: myapp_myuser_groups_group_id_272bcfc3; Type: INDEX; Schema: public; Owner: chambeoadmin
--

CREATE INDEX myapp_myuser_groups_group_id_272bcfc3 ON public.myapp_myuser_groups USING btree (group_id);


--
-- Name: myapp_myuser_groups_myuser_id_87571536; Type: INDEX; Schema: public; Owner: chambeoadmin
--

CREATE INDEX myapp_myuser_groups_myuser_id_87571536 ON public.myapp_myuser_groups USING btree (myuser_id);


--
-- Name: myapp_myuser_user_permissions_myuser_id_cfbd359a; Type: INDEX; Schema: public; Owner: chambeoadmin
--

CREATE INDEX myapp_myuser_user_permissions_myuser_id_cfbd359a ON public.myapp_myuser_user_permissions USING btree (myuser_id);


--
-- Name: myapp_myuser_user_permissions_permission_id_b504fc2c; Type: INDEX; Schema: public; Owner: chambeoadmin
--

CREATE INDEX myapp_myuser_user_permissions_permission_id_b504fc2c ON public.myapp_myuser_user_permissions USING btree (permission_id);


--
-- Name: myapp_myuser_username_f4dc253a_like; Type: INDEX; Schema: public; Owner: chambeoadmin
--

CREATE INDEX myapp_myuser_username_f4dc253a_like ON public.myapp_myuser USING btree (username varchar_pattern_ops);


--
-- Name: myapp_passwordresetcode_user_id_62e4a8a4; Type: INDEX; Schema: public; Owner: chambeoadmin
--

CREATE INDEX myapp_passwordresetcode_user_id_62e4a8a4 ON public.myapp_passwordresetcode USING btree (user_id);


--
-- Name: myapp_proaccount_services_proaccount_id_b68ef189; Type: INDEX; Schema: public; Owner: chambeoadmin
--

CREATE INDEX myapp_proaccount_services_proaccount_id_b68ef189 ON public.myapp_proaccount_services USING btree (proaccount_id);


--
-- Name: myapp_proaccount_services_service_id_e9eb9872; Type: INDEX; Schema: public; Owner: chambeoadmin
--

CREATE INDEX myapp_proaccount_services_service_id_e9eb9872 ON public.myapp_proaccount_services USING btree (service_id);


--
-- Name: myapp_service_name_3813dacf_like; Type: INDEX; Schema: public; Owner: chambeoadmin
--

CREATE INDEX myapp_service_name_3813dacf_like ON public.myapp_service USING btree (name varchar_pattern_ops);


--
-- Name: myapp_servicerate_pro_account_id_e73c8479; Type: INDEX; Schema: public; Owner: chambeoadmin
--

CREATE INDEX myapp_servicerate_pro_account_id_e73c8479 ON public.myapp_servicerate USING btree (pro_account_id);


--
-- Name: myapp_servicerate_service_id_bfc0d383; Type: INDEX; Schema: public; Owner: chambeoadmin
--

CREATE INDEX myapp_servicerate_service_id_bfc0d383 ON public.myapp_servicerate USING btree (service_id);


--
-- Name: myapp_zipcode_code_d2e55844_like; Type: INDEX; Schema: public; Owner: chambeoadmin
--

CREATE INDEX myapp_zipcode_code_d2e55844_like ON public.myapp_zipcodes USING btree (code varchar_pattern_ops);


--
-- Name: social_auth_code_code_a2393167; Type: INDEX; Schema: public; Owner: chambeoadmin
--

CREATE INDEX social_auth_code_code_a2393167 ON public.social_auth_code USING btree (code);


--
-- Name: social_auth_code_code_a2393167_like; Type: INDEX; Schema: public; Owner: chambeoadmin
--

CREATE INDEX social_auth_code_code_a2393167_like ON public.social_auth_code USING btree (code varchar_pattern_ops);


--
-- Name: social_auth_code_timestamp_176b341f; Type: INDEX; Schema: public; Owner: chambeoadmin
--

CREATE INDEX social_auth_code_timestamp_176b341f ON public.social_auth_code USING btree ("timestamp");


--
-- Name: social_auth_partial_timestamp_50f2119f; Type: INDEX; Schema: public; Owner: chambeoadmin
--

CREATE INDEX social_auth_partial_timestamp_50f2119f ON public.social_auth_partial USING btree ("timestamp");


--
-- Name: social_auth_partial_token_3017fea3; Type: INDEX; Schema: public; Owner: chambeoadmin
--

CREATE INDEX social_auth_partial_token_3017fea3 ON public.social_auth_partial USING btree (token);


--
-- Name: social_auth_partial_token_3017fea3_like; Type: INDEX; Schema: public; Owner: chambeoadmin
--

CREATE INDEX social_auth_partial_token_3017fea3_like ON public.social_auth_partial USING btree (token varchar_pattern_ops);


--
-- Name: social_auth_usersocialauth_uid_796e51dc; Type: INDEX; Schema: public; Owner: chambeoadmin
--

CREATE INDEX social_auth_usersocialauth_uid_796e51dc ON public.social_auth_usersocialauth USING btree (uid);


--
-- Name: social_auth_usersocialauth_uid_796e51dc_like; Type: INDEX; Schema: public; Owner: chambeoadmin
--

CREATE INDEX social_auth_usersocialauth_uid_796e51dc_like ON public.social_auth_usersocialauth USING btree (uid varchar_pattern_ops);


--
-- Name: social_auth_usersocialauth_user_id_17d28448; Type: INDEX; Schema: public; Owner: chambeoadmin
--

CREATE INDEX social_auth_usersocialauth_user_id_17d28448 ON public.social_auth_usersocialauth USING btree (user_id);


--
-- Name: auth_group_permissions auth_group_permissio_permission_id_84c5c92e_fk_auth_perm; Type: FK CONSTRAINT; Schema: public; Owner: chambeoadmin
--

ALTER TABLE ONLY public.auth_group_permissions
    ADD CONSTRAINT auth_group_permissio_permission_id_84c5c92e_fk_auth_perm FOREIGN KEY (permission_id) REFERENCES public.auth_permission(id) DEFERRABLE INITIALLY DEFERRED;


--
-- Name: auth_group_permissions auth_group_permissions_group_id_b120cbf9_fk_auth_group_id; Type: FK CONSTRAINT; Schema: public; Owner: chambeoadmin
--

ALTER TABLE ONLY public.auth_group_permissions
    ADD CONSTRAINT auth_group_permissions_group_id_b120cbf9_fk_auth_group_id FOREIGN KEY (group_id) REFERENCES public.auth_group(id) DEFERRABLE INITIALLY DEFERRED;


--
-- Name: auth_permission auth_permission_content_type_id_2f476e4b_fk_django_co; Type: FK CONSTRAINT; Schema: public; Owner: chambeoadmin
--

ALTER TABLE ONLY public.auth_permission
    ADD CONSTRAINT auth_permission_content_type_id_2f476e4b_fk_django_co FOREIGN KEY (content_type_id) REFERENCES public.django_content_type(id) DEFERRABLE INITIALLY DEFERRED;


--
-- Name: django_admin_log django_admin_log_content_type_id_c4bce8eb_fk_django_co; Type: FK CONSTRAINT; Schema: public; Owner: chambeoadmin
--

ALTER TABLE ONLY public.django_admin_log
    ADD CONSTRAINT django_admin_log_content_type_id_c4bce8eb_fk_django_co FOREIGN KEY (content_type_id) REFERENCES public.django_content_type(id) DEFERRABLE INITIALLY DEFERRED;


--
-- Name: django_admin_log django_admin_log_user_id_c564eba6_fk_myapp_myuser_id; Type: FK CONSTRAINT; Schema: public; Owner: chambeoadmin
--

ALTER TABLE ONLY public.django_admin_log
    ADD CONSTRAINT django_admin_log_user_id_c564eba6_fk_myapp_myuser_id FOREIGN KEY (user_id) REFERENCES public.myapp_myuser(id) DEFERRABLE INITIALLY DEFERRED;


--
-- Name: myapp_myuser_groups myapp_myuser_groups_group_id_272bcfc3_fk_auth_group_id; Type: FK CONSTRAINT; Schema: public; Owner: chambeoadmin
--

ALTER TABLE ONLY public.myapp_myuser_groups
    ADD CONSTRAINT myapp_myuser_groups_group_id_272bcfc3_fk_auth_group_id FOREIGN KEY (group_id) REFERENCES public.auth_group(id) DEFERRABLE INITIALLY DEFERRED;


--
-- Name: myapp_myuser_groups myapp_myuser_groups_myuser_id_87571536_fk_myapp_myuser_id; Type: FK CONSTRAINT; Schema: public; Owner: chambeoadmin
--

ALTER TABLE ONLY public.myapp_myuser_groups
    ADD CONSTRAINT myapp_myuser_groups_myuser_id_87571536_fk_myapp_myuser_id FOREIGN KEY (myuser_id) REFERENCES public.myapp_myuser(id) DEFERRABLE INITIALLY DEFERRED;


--
-- Name: myapp_myuser_user_permissions myapp_myuser_user_pe_myuser_id_cfbd359a_fk_myapp_myu; Type: FK CONSTRAINT; Schema: public; Owner: chambeoadmin
--

ALTER TABLE ONLY public.myapp_myuser_user_permissions
    ADD CONSTRAINT myapp_myuser_user_pe_myuser_id_cfbd359a_fk_myapp_myu FOREIGN KEY (myuser_id) REFERENCES public.myapp_myuser(id) DEFERRABLE INITIALLY DEFERRED;


--
-- Name: myapp_myuser_user_permissions myapp_myuser_user_pe_permission_id_b504fc2c_fk_auth_perm; Type: FK CONSTRAINT; Schema: public; Owner: chambeoadmin
--

ALTER TABLE ONLY public.myapp_myuser_user_permissions
    ADD CONSTRAINT myapp_myuser_user_pe_permission_id_b504fc2c_fk_auth_perm FOREIGN KEY (permission_id) REFERENCES public.auth_permission(id) DEFERRABLE INITIALLY DEFERRED;


--
-- Name: myapp_passwordresetcode myapp_passwordresetcode_user_id_62e4a8a4_fk_myapp_myuser_id; Type: FK CONSTRAINT; Schema: public; Owner: chambeoadmin
--

ALTER TABLE ONLY public.myapp_passwordresetcode
    ADD CONSTRAINT myapp_passwordresetcode_user_id_62e4a8a4_fk_myapp_myuser_id FOREIGN KEY (user_id) REFERENCES public.myapp_myuser(id) DEFERRABLE INITIALLY DEFERRED;


--
-- Name: myapp_proaccount_services myapp_proaccount_ser_proaccount_id_b68ef189_fk_myapp_pro; Type: FK CONSTRAINT; Schema: public; Owner: chambeoadmin
--

ALTER TABLE ONLY public.myapp_proaccount_services
    ADD CONSTRAINT myapp_proaccount_ser_proaccount_id_b68ef189_fk_myapp_pro FOREIGN KEY (proaccount_id) REFERENCES public.myapp_proaccount(id) DEFERRABLE INITIALLY DEFERRED;


--
-- Name: myapp_proaccount_services myapp_proaccount_ser_service_id_e9eb9872_fk_myapp_ser; Type: FK CONSTRAINT; Schema: public; Owner: chambeoadmin
--

ALTER TABLE ONLY public.myapp_proaccount_services
    ADD CONSTRAINT myapp_proaccount_ser_service_id_e9eb9872_fk_myapp_ser FOREIGN KEY (service_id) REFERENCES public.myapp_service(id) DEFERRABLE INITIALLY DEFERRED;


--
-- Name: myapp_proaccount myapp_proaccount_user_id_e8433d1d_fk_myapp_myuser_id; Type: FK CONSTRAINT; Schema: public; Owner: chambeoadmin
--

ALTER TABLE ONLY public.myapp_proaccount
    ADD CONSTRAINT myapp_proaccount_user_id_e8433d1d_fk_myapp_myuser_id FOREIGN KEY (user_id) REFERENCES public.myapp_myuser(id) DEFERRABLE INITIALLY DEFERRED;


--
-- Name: myapp_servicerate myapp_servicerate_pro_account_id_e73c8479_fk_myapp_pro; Type: FK CONSTRAINT; Schema: public; Owner: chambeoadmin
--

ALTER TABLE ONLY public.myapp_servicerate
    ADD CONSTRAINT myapp_servicerate_pro_account_id_e73c8479_fk_myapp_pro FOREIGN KEY (pro_account_id) REFERENCES public.myapp_proaccount(id) DEFERRABLE INITIALLY DEFERRED;


--
-- Name: myapp_servicerate myapp_servicerate_service_id_bfc0d383_fk_myapp_service_id; Type: FK CONSTRAINT; Schema: public; Owner: chambeoadmin
--

ALTER TABLE ONLY public.myapp_servicerate
    ADD CONSTRAINT myapp_servicerate_service_id_bfc0d383_fk_myapp_service_id FOREIGN KEY (service_id) REFERENCES public.myapp_service(id) DEFERRABLE INITIALLY DEFERRED;


--
-- Name: myapp_userprofile myapp_userprofile_user_id_8f877d36_fk_myapp_myuser_id; Type: FK CONSTRAINT; Schema: public; Owner: chambeoadmin
--

ALTER TABLE ONLY public.myapp_userprofile
    ADD CONSTRAINT myapp_userprofile_user_id_8f877d36_fk_myapp_myuser_id FOREIGN KEY (user_id) REFERENCES public.myapp_myuser(id) DEFERRABLE INITIALLY DEFERRED;


--
-- Name: social_auth_usersocialauth social_auth_usersocialauth_user_id_17d28448_fk_myapp_myuser_id; Type: FK CONSTRAINT; Schema: public; Owner: chambeoadmin
--

ALTER TABLE ONLY public.social_auth_usersocialauth
    ADD CONSTRAINT social_auth_usersocialauth_user_id_17d28448_fk_myapp_myuser_id FOREIGN KEY (user_id) REFERENCES public.myapp_myuser(id) DEFERRABLE INITIALLY DEFERRED;


--
-- PostgreSQL database dump complete
--

